{
    "html_attributions": [],
    "next_page_token": "some token",
    "results": [
      {
        "business_status": "OPERATIONAL",
        "geometry": {
          "location": {
            "lat": 37.77361,
            "lng": -122.421622
          },
          "viewport": {
            "northeast": {
              "lat": 37.7750214302915,
              "lng": -122.4202089697085
            },
            "southwest": {
              "lat": 37.7723234697085,
              "lng": -122.4229069302915
            }
          }
        },
        "ix": "https://maps.gstatic.com/mapfiles/place_api/icons/v1/png_71/restaurant-71.png",
        "name": "Zuni Café",
        "opening_hours": {
          "open_now": true
        },
        "photos": [
          {
            "height": 3672,
            "html_attributions": [
              ""
            ],
            "photo_reference": "",
            "width": 6786
          }
        ],
        "place_id": "some place id 41",
        "plus_code": {
          "compound_code": "",
          "global_code": "",
        },
        "price_level": 3,
        "rating": 4.4,
        "reference": "",
        "scope": "",
        "types": [
          "cafe",
          "bar",
          "restaurant",
          "food",
          "point_of_interest",
          "establishment"
        ],
        "user_ratings_total": 1675,
        "vicinity": "1658 Market Street, San Francisco"
      },
      {
        "business_status": "OPERATIONAL",
        "geometry": {
          "location": {
            "lat": 37.7829132,
            "lng": -122.4188995
          },
          "viewport": {
            "northeast": {
              "lat": 37.78423678029149,
              "lng": -122.4176706197085
            },
            "southwest": {
              "lat": 37.78153881970849,
              "lng": -122.4203685802915
            }
          }
        },
        "icon": "https://maps.gstatic.com/mapfiles/place_api/icons/v1/png_71/restaurant-71.png",
        "name": "Brenda's French Soul Food",
        "opening_hours": {
          "open_now": true
        },
        "photos": [
          {
            "height": 2322,
            "html_attributions": [
              ""
            ],
            "photo_reference": "",
            "width": 4128
          }
        ],
        "place_id": "some place id 42",
        "plus_code": {
          "compound_code": "",
          "global_code": "",
        },
        "price_level": 2,
        "rating": 4.5,
        "reference": "",
        "scope": "",
        "types": [
          "restaurant",
          "food",
          "point_of_interest",
          "establishment"
        ],
        "user_ratings_total": 4404,
        "vicinity": "652 Polk Street, San Francisco"
      },
      {
        "business_status": "OPERATIONAL",
        "geometry": {
          "location": {
            "lat": 37.7710938,
            "lng": -122.4126502
          },
          "viewport": {
            "northeast": {
              "lat": 37.7723741302915,
              "lng": -122.4114229697085
            },
            "southwest": {
              "lat": 37.7696761697085,
              "lng": -122.4141209302915
            }
          }
        },
        "icon": "https://maps.gstatic.com/mapfiles/place_api/icons/v1/png_71/bar-71.png",
        "name": "DNA Lounge",
        "opening_hours": {
          "open_now": false
        },
        "photos": [
          {
            "height": 576,
            "html_attributions": [
              ""
            ],
            "photo_reference": "",
            "width": 1024
          }
        ],
        "place_id": "some place id 43",
        "plus_code": {
          "compound_code": "",
          "global_code": "",
        },
        "price_level": 2,
        "rating": 4.3,
        "reference": "",
        "scope": "",
        "types": [
          "night_club",
          "cafe",
          "bar",
          "restaurant",
          "food",
          "point_of_interest",
          "establishment"
        ],
        "user_ratings_total": 1284,
        "vicinity": "375 11th Street, San Francisco"
      },
      {
        "business_status": "OPERATIONAL",
        "geometry": {
          "location": {
            "lat": 37.77710419999999,
            "lng": -122.4227403
          },
          "viewport": {
            "northeast": {
              "lat": 37.7783638802915,
              "lng": -122.4215429197085
            },
            "southwest": {
              "lat": 37.7756659197085,
              "lng": -122.4242408802915
            }
          }
        },
        "icon": "https://maps.gstatic.com/mapfiles/place_api/icons/v1/png_71/restaurant-71.png",
        "name": "Absinthe Brasserie & Bar",
        "opening_hours": {
          "open_now": false
        },
        "photos": [
          {
            "height": 468,
            "html_attributions": [
              ""
            ],
            "photo_reference": "",
            "width": 960
          }
        ],
        "place_id": "some place id 44",
        "plus_code": {
          "compound_code": "",
          "global_code": "",
        },
        "price_level": 3,
        "rating": 4.3,
        "reference": "",
        "scope": "",
        "types": [
          "bar",
          "restaurant",
          "food",
          "point_of_interest",
          "establishment"
        ],
        "user_ratings_total": 1405,
        "vicinity": "398 Hayes Street, San Francisco"
      },
      {
        "business_status": "OPERATIONAL",
        "geometry": {
          "location": {
            "lat": 37.77219169999999,
            "lng": -122.4306187
          },
          "viewport": {
            "northeast": {
              "lat": 37.77349423029149,
              "lng": -122.4293135697085
            },
            "southwest": {
              "lat": 37.7707962697085,
              "lng": -122.4320115302915
            }
          }
        },
        "icon": "https://maps.gstatic.com/mapfiles/place_api/icons/v1/png_71/restaurant-71.png",
        "name": "YH - BEIJING",
        "opening_hours": {
          "open_now": true
        },
        "photos": [
          {
            "height": 2268,
            "html_attributions": [
              ""
            ],
            "photo_reference": "",
            "width": 4032
          }
        ],
        "place_id": "some place id 45",
        "plus_code": {
          "compound_code": "",
          "global_code": "",
        },
        "price_level": 1,
        "rating": 4.4,
        "reference": "",
        "scope": "",
        "types": [
          "restaurant",
          "food",
          "point_of_interest",
          "establishment"
        ],
        "user_ratings_total": 191,
        "vicinity": "500 Haight Street, San Francisco"
      },
      {
        "business_status": "OPERATIONAL",
        "geometry": {
          "location": {
            "lat": 37.77002299999999,
            "lng": -122.4221172
          },
          "viewport": {
            "northeast": {
              "lat": 37.77136293029149,
              "lng": -122.4209095697085
            },
            "southwest": {
              "lat": 37.76866496970849,
              "lng": -122.4236075302915
            }
          }
        },
        "icon": "https://maps.gstatic.com/mapfiles/place_api/icons/v1/png_71/restaurant-71.png",
        "name": "Zeitgeist",
        "opening_hours": {
          "open_now": false
        },
        "photos": [
          {
            "height": 1000,
            "html_attributions": [
              ""
            ],
            "photo_reference": "",
            "width": 1500
          }
        ],
        "place_id": "some place id 46",
        "plus_code": {
          "compound_code": "",
          "global_code": "",
        },
        "price_level": 1,
        "rating": 4.3,
        "reference": "",
        "scope": "",
        "types": [
          "bar",
          "restaurant",
          "food",
          "point_of_interest",
          "establishment"
        ],
        "user_ratings_total": 2488,
        "vicinity": "199 Valencia Street, San Francisco"
      },
      {
        "business_status": "OPERATIONAL",
        "geometry": {
          "location": {
            "lat": 37.7648313,
            "lng": -122.4211374
          },
          "viewport": {
            "northeast": {
              "lat": 37.7662523302915,
              "lng": -122.4198115697085
            },
            "southwest": {
              "lat": 37.7635543697085,
              "lng": -122.4225095302915
            }
          }
        },
        "icon": "https://maps.gstatic.com/mapfiles/place_api/icons/v1/png_71/restaurant-71.png",
        "name": "Pancho Villa Taqueria",
        "opening_hours": {
          "open_now": true
        },
        "photos": [
          {
            "height": 1536,
            "html_attributions": [
              ""
            ],
            "photo_reference": "",
            "width": 2048
          }
        ],
        "place_id": "some place id 47",
        "plus_code": {
          "compound_code": "",
          "global_code": "",
        },
        "price_level": 1,
        "rating": 4.4,
        "reference": "",
        "scope": "",
        "types": [
          "restaurant",
          "food",
          "point_of_interest",
          "establishment"
        ],
        "user_ratings_total": 2921,
        "vicinity": "3071 16th Street, San Francisco"
      },
      {
        "business_status": "OPERATIONAL",
        "geometry": {
          "location": {
            "lat": 37.7647206,
            "lng": -122.422986
          },
          "viewport": {
            "northeast": {
              "lat": 37.7661346802915,
              "lng": -122.4216562197085
            },
            "southwest": {
              "lat": 37.76343671970851,
              "lng": -122.4243541802915
            }
          }
        },
        "icon": "https://maps.gstatic.com/mapfiles/place_api/icons/v1/png_71/restaurant-71.png",
        "name": "The Monk's Kettle",
        "opening_hours": {
          "open_now": false
        },
        "photos": [
          {
            "height": 1280,
            "html_attributions": [
              ""
            ],
            "photo_reference": "",
            "width": 2048
          }
        ],
        "place_id": "some place id 48",
        "plus_code": {
          "compound_code": "",
          "global_code": "",
        },
        "price_level": 2,
        "rating": 4.5,
        "reference": "",
        "scope": "",
        "types": [
          "restaurant",
          "bar",
          "food",
          "point_of_interest",
          "establishment"
        ],
        "user_ratings_total": 1392,
        "vicinity": "3141 16th Street, San Francisco"
      },
      {
        "business_status": "CLOSED_TEMPORARILY",
        "geometry": {
          "location": {
            "lat": 37.7715178,
            "lng": -122.412761
          },
          "viewport": {
            "northeast": {
              "lat": 37.77287373029149,
              "lng": -122.4114934197085
            },
            "southwest": {
              "lat": 37.77017576970849,
              "lng": -122.4141913802915
            }
          }
        },
        "icon": "https://maps.gstatic.com/mapfiles/place_api/icons/v1/png_71/bar-71.png",
        "name": "Bar Agricole",
        "permanently_closed": true,
        "photos": [
          {
            "height": 2791,
            "html_attributions": [
              ""
            ],
            "photo_reference": "",
            "width": 3837
          }
        ],
        "place_id": "some place id 49",
        "plus_code": {
          "compound_code": "",
          "global_code": "",
        },
        "price_level": 3,
        "rating": 4.2,
        "reference": "",
        "scope": "",
        "types": [
          "bar",
          "restaurant",
          "food",
          "point_of_interest",
          "establishment"
        ],
        "user_ratings_total": 490,
        "vicinity": "355 11th Street, San Francisco"
      },
      {
        "business_status": "OPERATIONAL",
        "geometry": {
          "location": {
            "lat": 37.769775,
            "lng": -122.4120333
          },
          "viewport": {
            "northeast": {
              "lat": 37.7711120302915,
              "lng": -122.4105037697085
            },
            "southwest": {
              "lat": 37.76841406970851,
              "lng": -122.4132017302915
            }
          }
        },
        "icon": "https://maps.gstatic.com/mapfiles/place_api/icons/v1/png_71/restaurant-71.png",
        "name": "SoMa StrEat Food Park",
        "opening_hours": {
          "open_now": true
        },
        "photos": [
          {
            "height": 3571,
            "html_attributions": [
              ""
            ],
            "photo_reference": "",
            "width": 5357
          }
        ],
        "place_id": "some place id 50",
        "plus_code": {
          "compound_code": "",
          "global_code": "",
        },
        "price_level": 2,
        "rating": 4.3,
        "reference": "",
        "scope": "",
        "types": [
          "hair_care",
          "restaurant",
          "food",
          "health",
          "point_of_interest",
          "establishment"
        ],
        "user_ratings_total": 1644,
        "vicinity": "428 11th Street, San Francisco"
      },
      {
        "business_status": "OPERATIONAL",
        "geometry": {
          "location": {
            "lat": 37.77631340000001,
            "lng": -122.4264188
          },
          "viewport": {
            "northeast": {
              "lat": 37.7777280802915,
              "lng": -122.4250006697085
            },
            "southwest": {
              "lat": 37.7750301197085,
              "lng": -122.4276986302915
            }
          }
        },
        "icon": "https://maps.gstatic.com/mapfiles/place_api/icons/v1/png_71/restaurant-71.png",
        "name": "Suppenküche",
        "opening_hours": {
          "open_now": false
        },
        "photos": [
          {
            "height": 1365,
            "html_attributions": [
              ""
            ],
            "photo_reference": "",
            "width": 2048
          }
        ],
        "place_id": "some place id 51",
        "plus_code": {
          "compound_code": "",
          "global_code": "",
        },
        "price_level": 2,
        "rating": 4.5,
        "reference": "",
        "scope": "",
        "types": [
          "restaurant",
          "food",
          "point_of_interest",
          "establishment"
        ],
        "user_ratings_total": 1344,
        "vicinity": "525 Laguna Street, San Francisco"
      },
      {
        "business_status": "OPERATIONAL",
        "geometry": {
          "location": {
            "lat": 37.77847149999999,
            "lng": -122.4121645
          },
          "viewport": {
            "northeast": {
              "lat": 37.7800643802915,
              "lng": -122.4112009697085
            },
            "southwest": {
              "lat": 37.77736641970851,
              "lng": -122.4138989302915
            }
          }
        },
        "icon": "https://maps.gstatic.com/mapfiles/place_api/icons/v1/png_71/shopping-71.png",
        "name": "City Beer Store",
        "opening_hours": {
          "open_now": false
        },
        "photos": [
          {
            "height": 2218,
            "html_attributions": [
              ""
            ],
            "photo_reference": "",
            "width": 4656
          }
        ],
        "place_id": "some place id 52",
        "plus_code": {
          "compound_code": "",
          "global_code": "",
        },
        "price_level": 2,
        "rating": 4.6,
        "reference": "",
        "scope": "",
        "types": [
          "bar",
          "liquor_store",
          "restaurant",
          "food",
          "point_of_interest",
          "store",
          "establishment"
        ],
        "user_ratings_total": 977,
        "vicinity": "1148 Mission Street, San Francisco"
      },
      {
        "business_status": "OPERATIONAL",
        "geometry": {
          "location": {
            "lat": 37.785519,
            "lng": -122.421811
          },
          "viewport": {
            "northeast": {
              "lat": 37.7869324802915,
              "lng": -122.4203096197085
            },
            "southwest": {
              "lat": 37.78423451970851,
              "lng": -122.4230075802915
            }
          }
        },
        "icon": "https://maps.gstatic.com/mapfiles/place_api/icons/v1/png_71/restaurant-71.png",
        "name": "Tommy's Joynt",
        "opening_hours": {
          "open_now": false
        },
        "photos": [
          {
            "height": 583,
            "html_attributions": [
              ""
            ],
            "photo_reference": "",
            "width": 1255
          }
        ],
        "place_id": "some place id 53",
        "plus_code": {
          "compound_code": "",
          "global_code": "",
        },
        "price_level": 1,
        "rating": 4.4,
        "reference": "",
        "scope": "",
        "types": [
          "restaurant",
          "food",
          "point_of_interest",
          "store",
          "establishment"
        ],
        "user_ratings_total": 3184,
        "vicinity": "1101 Geary Boulevard, San Francisco"
      },
      {
        "business_status": "OPERATIONAL",
        "geometry": {
          "location": {
            "lat": 37.7644599,
            "lng": -122.4220487
          },
          "viewport": {
            "northeast": {
              "lat": 37.7658183802915,
              "lng": -122.4206096697085
            },
            "southwest": {
              "lat": 37.7631204197085,
              "lng": -122.4233076302915
            }
          }
        },
        "icon": "https://maps.gstatic.com/mapfiles/place_api/icons/v1/png_71/restaurant-71.png",
        "name": "Limón Rotisserie",
        "opening_hours": {
          "open_now": false
        },
        "photos": [
          {
            "height": 3671,
            "html_attributions": [
              ""
            ],
            "photo_reference": "",
            "width": 5689
          }
        ],
        "place_id": "some place id 54",
        "plus_code": {
          "compound_code": "",
          "global_code": "",
        },
        "price_level": 2,
        "rating": 4.4,
        "reference": "",
        "scope": "",
        "types": [
          "restaurant",
          "food",
          "point_of_interest",
          "establishment"
        ],
        "user_ratings_total": 1399,
        "vicinity": "524 Valencia Street, San Francisco"
      },
      {
        "business_status": "CLOSED_TEMPORARILY",
        "geometry": {
          "location": {
            "lat": 37.7771677,
            "lng": -122.4218207
          },
          "viewport": {
            "northeast": {
              "lat": 37.7784544802915,
              "lng": -122.4204300697085
            },
            "southwest": {
              "lat": 37.7757565197085,
              "lng": -122.4231280302915
            }
          }
        },
        "icon": "https://maps.gstatic.com/mapfiles/place_api/icons/v1/png_71/restaurant-71.png",
        "name": "Hayes Street Grill",
        "permanently_closed": true,
        "photos": [
          {
            "height": 1365,
            "html_attributions": [
              ""
            ],
            "photo_reference": "",
            "width": 2048
          }
        ],
        "place_id": "some place id 55",
        "plus_code": {
          "compound_code": "",
          "global_code": "",
        },
        "price_level": 3,
        "rating": 4.2,
        "reference": "",
        "scope": "",
        "types": [
          "bar",
          "restaurant",
          "food",
          "point_of_interest",
          "establishment"
        ],
        "user_ratings_total": 214,
        "vicinity": "320 Hayes Street, San Francisco"
      },
      {
        "business_status": "OPERATIONAL",
        "geometry": {
          "location": {
            "lat": 37.7735005,
            "lng": -122.4217368
          },
          "viewport": {
            "northeast": {
              "lat": 37.7747977802915,
              "lng": -122.4203520197085
            },
            "southwest": {
              "lat": 37.7720998197085,
              "lng": -122.4230499802915
            }
          }
        },
        "icon": "https://maps.gstatic.com/mapfiles/place_api/icons/v1/png_71/bar-71.png",
        "name": "Pause Wine Bar in Hayes Valley",
        "opening_hours": {
          "open_now": false
        },
        "photos": [
          {
            "height": 2048,
            "html_attributions": [
              ""
            ],
            "photo_reference": "",
            "width": 2048
          }
        ],
        "place_id": "some place id 56",
        "plus_code": {
          "compound_code": "",
          "global_code": "",
        },
        "price_level": 2,
        "rating": 4.5,
        "reference": "",
        "scope": "",
        "types": [
          "bar",
          "restaurant",
          "food",
          "point_of_interest",
          "establishment"
        ],
        "user_ratings_total": 82,
        "vicinity": "1666 Market Street, San Francisco"
      },
      {
        "business_status": "CLOSED_TEMPORARILY",
        "geometry": {
          "location": {
            "lat": 37.775043,
            "lng": -122.412832
          },
          "viewport": {
            "northeast": {
              "lat": 37.7764133802915,
              "lng": -122.4116205697085
            },
            "southwest": {
              "lat": 37.7737154197085,
              "lng": -122.4143185302915
            }
          }
        },
        "icon": "https://maps.gstatic.com/mapfiles/place_api/icons/v1/png_71/restaurant-71.png",
        "name": "AsiaSF",
        "permanently_closed": true,
        "photos": [
          {
            "height": 3456,
            "html_attributions": [
              ""
            ],
            "photo_reference": "",
            "width": 5184
          }
        ],
        "place_id": "some place id 57",
        "plus_code": {
          "compound_code": "",
          "global_code": "",
        },
        "price_level": 3,
        "rating": 4.4,
        "reference": "",
        "scope": "",
        "types": [
          "night_club",
          "bar",
          "restaurant",
          "food",
          "point_of_interest",
          "establishment"
        ],
        "user_ratings_total": 457,
        "vicinity": "201 9th Street, San Francisco"
      },
      {
        "business_status": "OPERATIONAL",
        "geometry": {
          "location": {
            "lat": 37.7861185,
            "lng": -122.4115102
          },
          "viewport": {
            "northeast": {
              "lat": 37.7874766802915,
              "lng": -122.4101005197085
            },
            "southwest": {
              "lat": 37.7847787197085,
              "lng": -122.4127984802915
            }
          }
        },
        "icon": "https://maps.gstatic.com/mapfiles/place_api/icons/v1/png_71/restaurant-71.png",
        "name": "Jasper's Corner Tap and Kitchen",
        "opening_hours": {
          "open_now": true
        },
        "photos": [
          {
            "height": 2668,
            "html_attributions": [
              ""
            ],
            "photo_reference": "",
            "width": 4000
          }
        ],
        "place_id": "some place id 58",
        "plus_code": {
          "compound_code": "",
          "global_code": "",
        },
        "price_level": 2,
        "rating": 3.8,
        "reference": "",
        "scope": "",
        "types": [
          "bar",
          "restaurant",
          "food",
          "point_of_interest",
          "establishment"
        ],
        "user_ratings_total": 549,
        "vicinity": "401 Taylor Street, San Francisco"
      },
      {
        "business_status": "CLOSED_TEMPORARILY",
        "geometry": {
          "location": {
            "lat": 37.7839584,
            "lng": -122.40905
          },
          "viewport": {
            "northeast": {
              "lat": 37.7853146802915,
              "lng": -122.4077999697085
            },
            "southwest": {
              "lat": 37.7826167197085,
              "lng": -122.4104979302915
            }
          }
        },
        "icon": "https://maps.gstatic.com/mapfiles/place_api/icons/v1/png_71/bar-71.png",
        "name": "Mikkeller Bar",
        "permanently_closed": true,
        "photos": [
          {
            "height": 667,
            "html_attributions": [
              ""
            ],
            "photo_reference": "",
            "width": 1000
          }
        ],
        "place_id": "some place id 59",
        "plus_code": {
          "compound_code": "",
          "global_code": "",
        },
        "price_level": 2,
        "rating": 4.5,
        "reference": "",
        "scope": "",
        "types": [
          "bar",
          "restaurant",
          "food",
          "point_of_interest",
          "establishment"
        ],
        "user_ratings_total": 2630,
        "vicinity": "34 Mason Street, San Francisco"
      },
      {
        "business_status": "OPERATIONAL",
        "geometry": {
          "location": {
            "lat": 37.77653919999999,
            "lng": -122.4249244
          },
          "viewport": {
            "northeast": {
              "lat": 37.77793988029149,
              "lng": -122.4235858197085
            },
            "southwest": {
              "lat": 37.77524191970849,
              "lng": -122.4262837802915
            }
          }
        },
        "icon": "https://maps.gstatic.com/mapfiles/place_api/icons/v1/png_71/restaurant-71.png",
        "name": "Patxi's Pizza",
        "opening_hours": {
          "open_now": true
        },
        "photos": [
          {
            "height": 2313,
            "html_attributions": [
              ""
            ],
            "photo_reference": "",
            "width": 3167
          }
        ],
        "place_id": "some place id 60",
        "plus_code": {
          "compound_code": "",
          "global_code": "",
        },
        "price_level": 2,
        "rating": 4.2,
        "reference": "",
        "scope": "",
        "types": [
          "restaurant",
          "food",
          "point_of_interest",
          "establishment"
        ],
        "user_ratings_total": 861,
        "vicinity": "511 Hayes Street, San Francisco"
      }
    ],
    "status": "OK"
  }